experiment_id,episode,avg_eval_score,target_score,learning_rate,batch_size,gamma,first_hid,second_hid,epsilon_decay
run_1,5,-443.50405381835316,250,0.0005,256,0.99,200,100,0.995
run_1,10,-335.207207968749,250,0.0005,256,0.99,200,100,0.995
run_1,15,-431.0225824745736,250,0.0005,256,0.99,200,100,0.995
run_1,20,-472.74757647186897,250,0.0005,256,0.99,200,100,0.995
run_1,25,-300.42510837691407,250,0.0005,256,0.99,200,100,0.995
run_1,30,-322.3354088270061,250,0.0005,256,0.99,200,100,0.995
run_1,35,-339.60272592068924,250,0.0005,256,0.99,200,100,0.995
run_1,40,-325.74438460920334,250,0.0005,256,0.99,200,100,0.995
run_1,45,-269.43247139954394,250,0.0005,256,0.99,200,100,0.995
run_1,50,-288.9309602839183,250,0.0005,256,0.99,200,100,0.995
run_1,55,-275.7937697911135,250,0.0005,256,0.99,200,100,0.995
run_1,60,-257.08656710568573,250,0.0005,256,0.99,200,100,0.995
run_1,65,-299.8162219998502,250,0.0005,256,0.99,200,100,0.995
run_1,70,-151.47100059281246,250,0.0005,256,0.99,200,100,0.995
run_1,75,-102.5688573710119,250,0.0005,256,0.99,200,100,0.995
run_1,80,-99.71542276142107,250,0.0005,256,0.99,200,100,0.995
run_1,85,-95.01407673754792,250,0.0005,256,0.99,200,100,0.995
run_1,90,-193.2054986944776,250,0.0005,256,0.99,200,100,0.995
run_1,95,-128.5091303485596,250,0.0005,256,0.99,200,100,0.995
run_1,100,-50.584488572255346,250,0.0005,256,0.99,200,100,0.995
run_1,105,-58.397244758857234,250,0.0005,256,0.99,200,100,0.995
run_1,110,-105.3282407384994,250,0.0005,256,0.99,200,100,0.995
run_1,115,-154.40347820508143,250,0.0005,256,0.99,200,100,0.995
run_1,120,-143.89604565223704,250,0.0005,256,0.99,200,100,0.995
run_1,125,-106.62224467976887,250,0.0005,256,0.99,200,100,0.995
run_1,130,-149.7857480233868,250,0.0005,256,0.99,200,100,0.995
run_1,135,-92.23043554007138,250,0.0005,256,0.99,200,100,0.995
run_1,140,-128.76086509295243,250,0.0005,256,0.99,200,100,0.995
run_1,145,-114.13443115606326,250,0.0005,256,0.99,200,100,0.995
run_1,150,-131.86259054823344,250,0.0005,256,0.99,200,100,0.995
run_1,155,-116.52127134954021,250,0.0005,256,0.99,200,100,0.995
run_1,160,-82.89405538618954,250,0.0005,256,0.99,200,100,0.995
run_1,165,-77.38555578817385,250,0.0005,256,0.99,200,100,0.995
run_1,170,-50.56764035474613,250,0.0005,256,0.99,200,100,0.995
run_1,175,-47.98041224905683,250,0.0005,256,0.99,200,100,0.995
run_1,180,-32.41724409391676,250,0.0005,256,0.99,200,100,0.995
run_1,185,-21.03317238266953,250,0.0005,256,0.99,200,100,0.995
run_1,190,-15.167465492458803,250,0.0005,256,0.99,200,100,0.995
run_1,195,-7.39626097043203,250,0.0005,256,0.99,200,100,0.995
run_1,200,-14.109471357065942,250,0.0005,256,0.99,200,100,0.995
run_1,205,-7.943495501028603,250,0.0005,256,0.99,200,100,0.995
run_1,210,-7.281789357459411,250,0.0005,256,0.99,200,100,0.995
run_1,215,-11.292821837040055,250,0.0005,256,0.99,200,100,0.995
run_1,220,14.404597207460034,250,0.0005,256,0.99,200,100,0.995
run_1,225,-84.49131416718414,250,0.0005,256,0.99,200,100,0.995
run_1,230,-4.106917862731221,250,0.0005,256,0.99,200,100,0.995
run_1,235,106.65696999509143,250,0.0005,256,0.99,200,100,0.995
run_1,240,3.412831125331872,250,0.0005,256,0.99,200,100,0.995
run_1,245,143.28738126061913,250,0.0005,256,0.99,200,100,0.995
run_1,250,10.13512881853114,250,0.0005,256,0.99,200,100,0.995
run_1,255,182.9483588626835,250,0.0005,256,0.99,200,100,0.995
run_1,260,227.62185581502845,250,0.0005,256,0.99,200,100,0.995
run_1,265,129.89579459108444,250,0.0005,256,0.99,200,100,0.995
run_1,270,162.08623287805807,250,0.0005,256,0.99,200,100,0.995
run_1,275,250.4567184077924,250,0.0005,256,0.99,200,100,0.995
run_10,5,-401.2956302927399,250,0.0005,256,0.99,200,100,0.995
run_10,10,-194.0204172092826,250,0.0005,256,0.99,200,100,0.995
run_10,15,-498.15782215735345,250,0.0005,256,0.99,200,100,0.995
run_10,20,-321.3874031547982,250,0.0005,256,0.99,200,100,0.995
run_10,25,-157.99710904465627,250,0.0005,256,0.99,200,100,0.995
run_10,30,-124.46190164630434,250,0.0005,256,0.99,200,100,0.995
run_10,35,-160.06489126511343,250,0.0005,256,0.99,200,100,0.995
run_10,40,-129.66073309250314,250,0.0005,256,0.99,200,100,0.995
run_10,45,-178.03974913419023,250,0.0005,256,0.99,200,100,0.995
run_10,50,-188.30524924158064,250,0.0005,256,0.99,200,100,0.995
run_10,55,-237.96727277550718,250,0.0005,256,0.99,200,100,0.995
run_10,60,-239.17388610507004,250,0.0005,256,0.99,200,100,0.995
run_10,65,-225.3286216254549,250,0.0005,256,0.99,200,100,0.995
run_10,70,-262.9317601464987,250,0.0005,256,0.99,200,100,0.995
run_10,75,-210.70888601609357,250,0.0005,256,0.99,200,100,0.995
run_10,80,-274.4821680274378,250,0.0005,256,0.99,200,100,0.995
run_10,85,-257.2199878246622,250,0.0005,256,0.99,200,100,0.995
run_10,90,-313.0052767770719,250,0.0005,256,0.99,200,100,0.995
run_10,95,-335.86790684197655,250,0.0005,256,0.99,200,100,0.995
run_10,100,-326.1441584174474,250,0.0005,256,0.99,200,100,0.995
run_10,105,-306.51343921127534,250,0.0005,256,0.99,200,100,0.995
run_10,110,-242.8251447547505,250,0.0005,256,0.99,200,100,0.995
run_10,115,-175.24219700167035,250,0.0005,256,0.99,200,100,0.995
run_10,120,-169.9883273734419,250,0.0005,256,0.99,200,100,0.995
run_10,125,-207.1913646023325,250,0.0005,256,0.99,200,100,0.995
run_10,130,-126.44636390178395,250,0.0005,256,0.99,200,100,0.995
run_10,135,-113.00871698979128,250,0.0005,256,0.99,200,100,0.995
run_10,140,-112.01391826601161,250,0.0005,256,0.99,200,100,0.995
run_10,145,-102.17813347257238,250,0.0005,256,0.99,200,100,0.995
run_10,150,-72.00856586943141,250,0.0005,256,0.99,200,100,0.995
run_10,155,-75.25862395249162,250,0.0005,256,0.99,200,100,0.995
run_10,160,-66.32904767572958,250,0.0005,256,0.99,200,100,0.995
run_10,165,-43.88531205754558,250,0.0005,256,0.99,200,100,0.995
run_10,170,-46.49811176683433,250,0.0005,256,0.99,200,100,0.995
run_10,175,-4.430006571409902,250,0.0005,256,0.99,200,100,0.995
run_10,180,-25.747162107880705,250,0.0005,256,0.99,200,100,0.995
run_10,185,-60.36105272891346,250,0.0005,256,0.99,200,100,0.995
run_10,190,-14.747327069108195,250,0.0005,256,0.99,200,100,0.995
run_10,195,-2.357042694724145,250,0.0005,256,0.99,200,100,0.995
run_10,200,-8.737207162739669,250,0.0005,256,0.99,200,100,0.995
run_10,205,-6.906776263737183,250,0.0005,256,0.99,200,100,0.995
run_10,210,3.152575055904388,250,0.0005,256,0.99,200,100,0.995
run_10,215,-29.36820793508523,250,0.0005,256,0.99,200,100,0.995
run_10,220,3.2725016892996046,250,0.0005,256,0.99,200,100,0.995
run_10,225,-48.312428255236135,250,0.0005,256,0.99,200,100,0.995
run_10,230,-29.754584215564638,250,0.0005,256,0.99,200,100,0.995
run_10,235,-4.977650707095213,250,0.0005,256,0.99,200,100,0.995
run_10,240,0.12536376970037183,250,0.0005,256,0.99,200,100,0.995
run_10,245,-7.4653704833043175,250,0.0005,256,0.99,200,100,0.995
run_10,250,-15.216389165727747,250,0.0005,256,0.99,200,100,0.995
run_10,255,-51.99294289250039,250,0.0005,256,0.99,200,100,0.995
run_10,260,-10.724894314653527,250,0.0005,256,0.99,200,100,0.995
run_10,265,-6.4080726187400625,250,0.0005,256,0.99,200,100,0.995
run_10,270,-34.43095247198768,250,0.0005,256,0.99,200,100,0.995
run_10,275,-3.4587236464752102,250,0.0005,256,0.99,200,100,0.995
run_10,280,0.2555742210298139,250,0.0005,256,0.99,200,100,0.995
run_10,285,127.69680124229096,250,0.0005,256,0.99,200,100,0.995
run_10,290,-361.2488890621811,250,0.0005,256,0.99,200,100,0.995
run_10,295,0.4673480895343939,250,0.0005,256,0.99,200,100,0.995
run_10,300,229.48975942530424,250,0.0005,256,0.99,200,100,0.995
run_10,305,120.5420667928482,250,0.0005,256,0.99,200,100,0.995
run_10,310,229.68483861490873,250,0.0005,256,0.99,200,100,0.995
run_10,315,212.86217872529315,250,0.0005,256,0.99,200,100,0.995
run_10,320,209.44610962000283,250,0.0005,256,0.99,200,100,0.995
run_10,325,230.30139666681845,250,0.0005,256,0.99,200,100,0.995
run_10,330,231.01464096920185,250,0.0005,256,0.99,200,100,0.995
run_10,335,214.96856440208066,250,0.0005,256,0.99,200,100,0.995
run_10,340,232.1864460989378,250,0.0005,256,0.99,200,100,0.995
run_10,345,55.13119125908115,250,0.0005,256,0.99,200,100,0.995
run_10,350,235.3688640568117,250,0.0005,256,0.99,200,100,0.995
run_10,355,156.33189040877772,250,0.0005,256,0.99,200,100,0.995
run_10,360,233.31536758830651,250,0.0005,256,0.99,200,100,0.995
run_10,365,256.00819324938936,250,0.0005,256,0.99,200,100,0.995
run_11,5,-705.0282197327294,250,0.0005,256,0.99,200,100,0.995
run_11,10,-734.927836459238,250,0.0005,256,0.99,200,100,0.995
run_11,15,-459.96936182993113,250,0.0005,256,0.99,200,100,0.995
run_11,20,-212.51220098774237,250,0.0005,256,0.99,200,100,0.995
run_11,25,-128.85801382728332,250,0.0005,256,0.99,200,100,0.995
run_11,30,-175.06542879174293,250,0.0005,256,0.99,200,100,0.995
run_11,35,-166.4281965664458,250,0.0005,256,0.99,200,100,0.995
run_11,40,-175.96261712999637,250,0.0005,256,0.99,200,100,0.995
run_11,45,-155.69571024765935,250,0.0005,256,0.99,200,100,0.995
run_11,50,-114.84289999732201,250,0.0005,256,0.99,200,100,0.995
run_11,55,-121.12549148654129,250,0.0005,256,0.99,200,100,0.995
run_11,60,-114.82850036950431,250,0.0005,256,0.99,200,100,0.995
run_11,65,-137.83579224443164,250,0.0005,256,0.99,200,100,0.995
run_11,70,-127.2353948607383,250,0.0005,256,0.99,200,100,0.995
run_11,75,-120.5206023476438,250,0.0005,256,0.99,200,100,0.995
run_11,80,-105.97271162301413,250,0.0005,256,0.99,200,100,0.995
run_11,85,-121.08597544708218,250,0.0005,256,0.99,200,100,0.995
run_11,90,-113.67143943219045,250,0.0005,256,0.99,200,100,0.995
run_11,95,-104.99988573708234,250,0.0005,256,0.99,200,100,0.995
run_11,100,-127.68371356408788,250,0.0005,256,0.99,200,100,0.995
run_11,105,-108.48918913511834,250,0.0005,256,0.99,200,100,0.995
run_11,110,-96.1016727009895,250,0.0005,256,0.99,200,100,0.995
run_11,115,-109.53196878879399,250,0.0005,256,0.99,200,100,0.995
run_11,120,-126.90528321347263,250,0.0005,256,0.99,200,100,0.995
run_11,125,-113.05672234694887,250,0.0005,256,0.99,200,100,0.995
run_11,130,-114.41428716920825,250,0.0005,256,0.99,200,100,0.995
run_11,135,-95.02373592853698,250,0.0005,256,0.99,200,100,0.995
run_11,140,-95.96286817564494,250,0.0005,256,0.99,200,100,0.995
run_11,145,-85.59354085659427,250,0.0005,256,0.99,200,100,0.995
run_11,150,-80.75089145979355,250,0.0005,256,0.99,200,100,0.995
run_11,155,-75.92224228744693,250,0.0005,256,0.99,200,100,0.995
run_11,160,-65.87588444885493,250,0.0005,256,0.99,200,100,0.995
run_11,165,-25.18464793975562,250,0.0005,256,0.99,200,100,0.995
run_11,170,-23.960960548054636,250,0.0005,256,0.99,200,100,0.995
run_11,175,-12.752662946132089,250,0.0005,256,0.99,200,100,0.995
run_11,180,-7.043367514056243,250,0.0005,256,0.99,200,100,0.995
run_11,185,-5.563992289055366,250,0.0005,256,0.99,200,100,0.995
run_11,190,4.3653988724661605,250,0.0005,256,0.99,200,100,0.995
run_11,195,8.37876619562167,250,0.0005,256,0.99,200,100,0.995
run_11,200,-7.9996521182756535,250,0.0005,256,0.99,200,100,0.995
run_11,205,9.559106263552266,250,0.0005,256,0.99,200,100,0.995
run_11,210,29.553186993239557,250,0.0005,256,0.99,200,100,0.995
run_11,215,69.67513535421402,250,0.0005,256,0.99,200,100,0.995
run_11,220,129.38666817783792,250,0.0005,256,0.99,200,100,0.995
run_11,225,-3.4314434292025475,250,0.0005,256,0.99,200,100,0.995
run_11,230,176.10347234088212,250,0.0005,256,0.99,200,100,0.995
run_11,235,97.02134267557238,250,0.0005,256,0.99,200,100,0.995
run_11,240,150.71188668441488,250,0.0005,256,0.99,200,100,0.995
run_11,245,213.17679649082956,250,0.0005,256,0.99,200,100,0.995
run_11,250,225.7401751750162,250,0.0005,256,0.99,200,100,0.995
run_11,255,212.44336985103087,250,0.0005,256,0.99,200,100,0.995
run_11,260,246.05387591495756,250,0.0005,256,0.99,200,100,0.995
run_11,265,-20.594420409979758,250,0.0005,256,0.99,200,100,0.995
run_11,270,215.2725947312831,250,0.0005,256,0.99,200,100,0.995
run_11,275,-298.9991869409122,250,0.0005,256,0.99,200,100,0.995
run_11,280,232.29369523933696,250,0.0005,256,0.99,200,100,0.995
run_11,285,161.37540238335401,250,0.0005,256,0.99,200,100,0.995
run_11,290,235.64507362705007,250,0.0005,256,0.99,200,100,0.995
run_11,295,226.54933399233113,250,0.0005,256,0.99,200,100,0.995
run_11,300,208.75680399655826,250,0.0005,256,0.99,200,100,0.995
run_11,305,155.26568038119964,250,0.0005,256,0.99,200,100,0.995
run_11,310,171.05778070971897,250,0.0005,256,0.99,200,100,0.995
run_11,315,169.2862124011361,250,0.0005,256,0.99,200,100,0.995
run_11,320,185.46529851204457,250,0.0005,256,0.99,200,100,0.995
run_11,325,219.78865727347798,250,0.0005,256,0.99,200,100,0.995
run_11,330,4.785124994456721,250,0.0005,256,0.99,200,100,0.995
run_11,335,233.4851417769528,250,0.0005,256,0.99,200,100,0.995
run_11,340,-31.7733576099061,250,0.0005,256,0.99,200,100,0.995
run_11,345,211.11147275782065,250,0.0005,256,0.99,200,100,0.995
run_11,350,226.48070452074998,250,0.0005,256,0.99,200,100,0.995
run_11,355,2.8932625916388317,250,0.0005,256,0.99,200,100,0.995
run_11,360,195.26714867841542,250,0.0005,256,0.99,200,100,0.995
run_11,365,245.36758325231546,250,0.0005,256,0.99,200,100,0.995
run_11,370,250.31592042060024,250,0.0005,256,0.99,200,100,0.995
run_12,5,-520.867036036343,250,0.0005,256,0.99,200,100,0.995
run_12,10,-538.6263003544391,250,0.0005,256,0.99,200,100,0.995
run_12,15,-364.40362965658215,250,0.0005,256,0.99,200,100,0.995
run_12,20,-308.87050295156797,250,0.0005,256,0.99,200,100,0.995
run_12,25,-217.26768143629934,250,0.0005,256,0.99,200,100,0.995
run_12,30,-128.71124148551374,250,0.0005,256,0.99,200,100,0.995
run_12,35,-181.3506520164814,250,0.0005,256,0.99,200,100,0.995
run_12,40,-157.04180368805595,250,0.0005,256,0.99,200,100,0.995
run_12,45,-164.01041982930275,250,0.0005,256,0.99,200,100,0.995
run_12,50,-136.83941441436676,250,0.0005,256,0.99,200,100,0.995
run_12,55,-166.93923361945085,250,0.0005,256,0.99,200,100,0.995
run_12,60,-197.36209987711965,250,0.0005,256,0.99,200,100,0.995
run_12,65,-183.8504139634282,250,0.0005,256,0.99,200,100,0.995
run_12,70,-176.97635169908355,250,0.0005,256,0.99,200,100,0.995
run_12,75,-204.59269515621145,250,0.0005,256,0.99,200,100,0.995
run_12,80,-187.0839655223464,250,0.0005,256,0.99,200,100,0.995
run_12,85,-197.66185284009987,250,0.0005,256,0.99,200,100,0.995
run_12,90,-202.33082539549744,250,0.0005,256,0.99,200,100,0.995
run_12,95,-187.74352798730175,250,0.0005,256,0.99,200,100,0.995
run_12,100,-166.42985773501883,250,0.0005,256,0.99,200,100,0.995
run_12,105,-187.44200646485749,250,0.0005,256,0.99,200,100,0.995
run_12,110,-164.9938773369517,250,0.0005,256,0.99,200,100,0.995
run_12,115,-158.61712619357073,250,0.0005,256,0.99,200,100,0.995
run_12,120,-298.73891772301243,250,0.0005,256,0.99,200,100,0.995
run_12,125,-360.00222314184316,250,0.0005,256,0.99,200,100,0.995
run_12,130,-295.51503796123046,250,0.0005,256,0.99,200,100,0.995
run_12,135,-264.1273426421314,250,0.0005,256,0.99,200,100,0.995
run_12,140,-182.63285267552095,250,0.0005,256,0.99,200,100,0.995
run_12,145,-143.41657558612286,250,0.0005,256,0.99,200,100,0.995
run_12,150,-137.70401854625004,250,0.0005,256,0.99,200,100,0.995
run_12,155,-113.07948691529434,250,0.0005,256,0.99,200,100,0.995
run_12,160,-124.84537335588307,250,0.0005,256,0.99,200,100,0.995
run_12,165,-106.73381367782801,250,0.0005,256,0.99,200,100,0.995
run_12,170,-64.15933779583946,250,0.0005,256,0.99,200,100,0.995
run_12,175,-52.493395094255426,250,0.0005,256,0.99,200,100,0.995
run_12,180,-59.527577929140385,250,0.0005,256,0.99,200,100,0.995
run_12,185,-21.023081119818045,250,0.0005,256,0.99,200,100,0.995
run_12,190,-19.86367419204323,250,0.0005,256,0.99,200,100,0.995
run_12,195,-6.6770794043591195,250,0.0005,256,0.99,200,100,0.995
run_12,200,-19.59423386897434,250,0.0005,256,0.99,200,100,0.995
run_12,205,-7.380586816969332,250,0.0005,256,0.99,200,100,0.995
run_12,210,70.22579074835478,250,0.0005,256,0.99,200,100,0.995
run_12,215,0.45330920939793556,250,0.0005,256,0.99,200,100,0.995
run_12,220,-64.12324032903621,250,0.0005,256,0.99,200,100,0.995
run_12,225,55.726892428053645,250,0.0005,256,0.99,200,100,0.995
run_12,230,25.199637764838744,250,0.0005,256,0.99,200,100,0.995
run_12,235,37.553503868218236,250,0.0005,256,0.99,200,100,0.995
run_12,240,-14.74762922552857,250,0.0005,256,0.99,200,100,0.995
run_12,245,71.93184441616974,250,0.0005,256,0.99,200,100,0.995
run_12,250,142.74563146773326,250,0.0005,256,0.99,200,100,0.995
run_12,255,237.75479971490898,250,0.0005,256,0.99,200,100,0.995
run_12,260,141.50921278437755,250,0.0005,256,0.99,200,100,0.995
run_12,265,215.12375623309194,250,0.0005,256,0.99,200,100,0.995
run_12,270,165.17873366308748,250,0.0005,256,0.99,200,100,0.995
run_12,275,228.7744137255212,250,0.0005,256,0.99,200,100,0.995
run_12,280,81.61919249984673,250,0.0005,256,0.99,200,100,0.995
run_12,285,-39.49432826272869,250,0.0005,256,0.99,200,100,0.995
run_12,290,161.42302321749384,250,0.0005,256,0.99,200,100,0.995
run_12,295,122.10192958645996,250,0.0005,256,0.99,200,100,0.995
run_12,300,209.26763685174575,250,0.0005,256,0.99,200,100,0.995
run_12,305,189.57829524303298,250,0.0005,256,0.99,200,100,0.995
run_12,310,238.88379192390158,250,0.0005,256,0.99,200,100,0.995
run_12,315,190.06900506419848,250,0.0005,256,0.99,200,100,0.995
run_12,320,154.55004081789752,250,0.0005,256,0.99,200,100,0.995
run_12,325,59.955863749481274,250,0.0005,256,0.99,200,100,0.995
run_12,330,219.41195740013524,250,0.0005,256,0.99,200,100,0.995
run_12,335,145.08897837471102,250,0.0005,256,0.99,200,100,0.995
run_12,340,245.8941608449601,250,0.0005,256,0.99,200,100,0.995
run_12,345,111.27656182684218,250,0.0005,256,0.99,200,100,0.995
run_12,350,237.3960224035455,250,0.0005,256,0.99,200,100,0.995
run_12,355,246.01469945165908,250,0.0005,256,0.99,200,100,0.995
run_12,360,200.58399088315863,250,0.0005,256,0.99,200,100,0.995
run_12,365,225.63179419599774,250,0.0005,256,0.99,200,100,0.995
run_12,370,204.94138281343157,250,0.0005,256,0.99,200,100,0.995
run_12,375,222.88260414885866,250,0.0005,256,0.99,200,100,0.995
run_12,380,191.2791025709161,250,0.0005,256,0.99,200,100,0.995
run_12,385,224.07464024540565,250,0.0005,256,0.99,200,100,0.995
run_12,390,242.4591029162064,250,0.0005,256,0.99,200,100,0.995
run_12,395,236.21685423890295,250,0.0005,256,0.99,200,100,0.995
run_12,400,181.88773126463903,250,0.0005,256,0.99,200,100,0.995
run_12,405,145.77083365444065,250,0.0005,256,0.99,200,100,0.995
run_12,410,233.36674759436545,250,0.0005,256,0.99,200,100,0.995
run_12,415,191.57219707531698,250,0.0005,256,0.99,200,100,0.995
run_12,420,124.89622294075032,250,0.0005,256,0.99,200,100,0.995
run_12,425,161.42586530906678,250,0.0005,256,0.99,200,100,0.995
run_12,430,214.08249176914106,250,0.0005,256,0.99,200,100,0.995
run_12,435,53.54532490792461,250,0.0005,256,0.99,200,100,0.995
run_12,440,245.65321929356668,250,0.0005,256,0.99,200,100,0.995
run_12,445,106.73154241235488,250,0.0005,256,0.99,200,100,0.995
run_12,450,208.7530951974812,250,0.0005,256,0.99,200,100,0.995
run_12,455,250.40915290408287,250,0.0005,256,0.99,200,100,0.995
run_13,5,-564.1407123433082,250,0.0005,256,0.99,200,100,0.995
run_13,10,-248.0082149010459,250,0.0005,256,0.99,200,100,0.995
run_13,15,-134.94161628266005,250,0.0005,256,0.99,200,100,0.995
run_13,20,-175.86855064138226,250,0.0005,256,0.99,200,100,0.995
run_13,25,-75.56509776003021,250,0.0005,256,0.99,200,100,0.995
run_13,30,-31.111219652930732,250,0.0005,256,0.99,200,100,0.995
run_13,35,-43.5193815080707,250,0.0005,256,0.99,200,100,0.995
run_13,40,-104.75531149187233,250,0.0005,256,0.99,200,100,0.995
run_13,45,-116.52141628418462,250,0.0005,256,0.99,200,100,0.995
run_13,50,-81.32824478057157,250,0.0005,256,0.99,200,100,0.995
run_13,55,-68.9572913043884,250,0.0005,256,0.99,200,100,0.995
run_13,60,-128.75284850071463,250,0.0005,256,0.99,200,100,0.995
run_13,65,-231.22518481378683,250,0.0005,256,0.99,200,100,0.995
run_13,70,-145.2454249531249,250,0.0005,256,0.99,200,100,0.995
run_13,75,-135.81593311522545,250,0.0005,256,0.99,200,100,0.995
run_13,80,-200.0499051498295,250,0.0005,256,0.99,200,100,0.995
run_13,85,-75.70841364568095,250,0.0005,256,0.99,200,100,0.995
run_13,90,-117.1735402286275,250,0.0005,256,0.99,200,100,0.995
run_13,95,-123.96857182313711,250,0.0005,256,0.99,200,100,0.995
run_13,100,-136.62814037206363,250,0.0005,256,0.99,200,100,0.995
run_13,105,-154.86241964744178,250,0.0005,256,0.99,200,100,0.995
run_13,110,-178.64972254777894,250,0.0005,256,0.99,200,100,0.995
run_13,115,-171.06252999688303,250,0.0005,256,0.99,200,100,0.995
run_13,120,-210.87699664081575,250,0.0005,256,0.99,200,100,0.995
run_13,125,-218.01786677505078,250,0.0005,256,0.99,200,100,0.995
run_13,130,-230.2188952974419,250,0.0005,256,0.99,200,100,0.995
run_13,135,-199.97155368122515,250,0.0005,256,0.99,200,100,0.995
run_13,140,-180.85384597866815,250,0.0005,256,0.99,200,100,0.995
run_13,145,-170.4044021365863,250,0.0005,256,0.99,200,100,0.995
run_13,150,-183.27470927482042,250,0.0005,256,0.99,200,100,0.995
run_13,155,-200.37019704411216,250,0.0005,256,0.99,200,100,0.995
run_13,160,-178.19001897477713,250,0.0005,256,0.99,200,100,0.995
run_13,165,-170.37398443103802,250,0.0005,256,0.99,200,100,0.995
run_13,170,-68.55094421786094,250,0.0005,256,0.99,200,100,0.995
run_13,175,1.713014643508108,250,0.0005,256,0.99,200,100,0.995
run_13,180,-7.400478727540053,250,0.0005,256,0.99,200,100,0.995
run_13,185,-42.36681898488293,250,0.0005,256,0.99,200,100,0.995
run_13,190,11.29167515486611,250,0.0005,256,0.99,200,100,0.995
run_13,195,-29.351077298208462,250,0.0005,256,0.99,200,100,0.995
run_13,200,154.0338406958107,250,0.0005,256,0.99,200,100,0.995
run_13,205,-69.49303992477842,250,0.0005,256,0.99,200,100,0.995
run_13,210,185.25333242693483,250,0.0005,256,0.99,200,100,0.995
run_13,215,166.35002974334427,250,0.0005,256,0.99,200,100,0.995
run_13,220,79.65081765797177,250,0.0005,256,0.99,200,100,0.995
run_13,225,9.1573869337636,250,0.0005,256,0.99,200,100,0.995
run_13,230,121.94989961290919,250,0.0005,256,0.99,200,100,0.995
run_13,235,136.95569921214542,250,0.0005,256,0.99,200,100,0.995
run_13,240,106.24514260348549,250,0.0005,256,0.99,200,100,0.995
run_13,245,183.5553120970172,250,0.0005,256,0.99,200,100,0.995
run_13,250,59.30609179582554,250,0.0005,256,0.99,200,100,0.995
run_13,255,178.63359839888017,250,0.0005,256,0.99,200,100,0.995
run_13,260,111.7400296168699,250,0.0005,256,0.99,200,100,0.995
run_13,265,176.90138007515677,250,0.0005,256,0.99,200,100,0.995
run_13,270,95.3774205830505,250,0.0005,256,0.99,200,100,0.995
run_13,275,222.37840658216982,250,0.0005,256,0.99,200,100,0.995
run_13,280,114.16287784439335,250,0.0005,256,0.99,200,100,0.995
run_13,285,168.77495689774778,250,0.0005,256,0.99,200,100,0.995
run_13,290,168.14069149297075,250,0.0005,256,0.99,200,100,0.995
run_13,295,163.82607466261538,250,0.0005,256,0.99,200,100,0.995
run_13,300,180.88389873983002,250,0.0005,256,0.99,200,100,0.995
run_13,305,178.72375417782914,250,0.0005,256,0.99,200,100,0.995
run_13,310,186.14954761954533,250,0.0005,256,0.99,200,100,0.995
run_13,315,213.5026367550043,250,0.0005,256,0.99,200,100,0.995
run_13,320,213.60508926513663,250,0.0005,256,0.99,200,100,0.995
run_13,325,59.078974072837035,250,0.0005,256,0.99,200,100,0.995
run_13,330,218.0629975742964,250,0.0005,256,0.99,200,100,0.995
run_13,335,206.75200693565867,250,0.0005,256,0.99,200,100,0.995
run_13,340,214.60962771945591,250,0.0005,256,0.99,200,100,0.995
run_13,345,187.46000737005113,250,0.0005,256,0.99,200,100,0.995
run_13,350,219.89141422036164,250,0.0005,256,0.99,200,100,0.995
run_13,355,201.80772520364872,250,0.0005,256,0.99,200,100,0.995
run_13,360,239.1488576313671,250,0.0005,256,0.99,200,100,0.995
run_13,365,238.10519138867693,250,0.0005,256,0.99,200,100,0.995
run_13,370,250.0715738621643,250,0.0005,256,0.99,200,100,0.995
run_14,5,-655.9026146646146,250,0.0005,256,0.99,200,100,0.995
run_14,10,-167.24549015230352,250,0.0005,256,0.99,200,100,0.995
run_14,15,-295.02984163943745,250,0.0005,256,0.99,200,100,0.995
run_14,20,-287.0133369106953,250,0.0005,256,0.99,200,100,0.995
run_14,25,-692.6624832296089,250,0.0005,256,0.99,200,100,0.995
run_14,30,-204.47088437505082,250,0.0005,256,0.99,200,100,0.995
run_14,35,-468.1918353778641,250,0.0005,256,0.99,200,100,0.995
run_14,40,-86.70844162549385,250,0.0005,256,0.99,200,100,0.995
run_14,45,-96.83080103626932,250,0.0005,256,0.99,200,100,0.995
run_14,50,-214.00853053581721,250,0.0005,256,0.99,200,100,0.995
run_14,55,-344.5227865204565,250,0.0005,256,0.99,200,100,0.995
run_14,60,-244.48514762595346,250,0.0005,256,0.99,200,100,0.995
run_14,65,-106.86783452241677,250,0.0005,256,0.99,200,100,0.995
run_14,70,-128.77406402837383,250,0.0005,256,0.99,200,100,0.995
run_14,75,-108.42671769045894,250,0.0005,256,0.99,200,100,0.995
run_14,80,-141.64132090546664,250,0.0005,256,0.99,200,100,0.995
run_14,85,-92.51138079668705,250,0.0005,256,0.99,200,100,0.995
run_14,90,-205.2567724588211,250,0.0005,256,0.99,200,100,0.995
run_14,95,-139.25355577544957,250,0.0005,256,0.99,200,100,0.995
run_14,100,-120.80035741588804,250,0.0005,256,0.99,200,100,0.995
run_14,105,-100.03699989000874,250,0.0005,256,0.99,200,100,0.995
run_14,110,-120.10610349963447,250,0.0005,256,0.99,200,100,0.995
run_14,115,-112.12943224358705,250,0.0005,256,0.99,200,100,0.995
run_14,120,-140.72005154217325,250,0.0005,256,0.99,200,100,0.995
run_14,125,-139.43302532451784,250,0.0005,256,0.99,200,100,0.995
run_14,130,-129.88189612233606,250,0.0005,256,0.99,200,100,0.995
run_14,135,-99.26577560687744,250,0.0005,256,0.99,200,100,0.995
run_14,140,-116.70912456524233,250,0.0005,256,0.99,200,100,0.995
run_14,145,-95.16526672362251,250,0.0005,256,0.99,200,100,0.995
run_14,150,-23.546711109732083,250,0.0005,256,0.99,200,100,0.995
run_14,155,-15.319450036621816,250,0.0005,256,0.99,200,100,0.995
run_14,160,-17.07051530211894,250,0.0005,256,0.99,200,100,0.995
run_14,165,-13.538797429328941,250,0.0005,256,0.99,200,100,0.995
run_14,170,-16.56703782162636,250,0.0005,256,0.99,200,100,0.995
run_14,175,-33.13376278844983,250,0.0005,256,0.99,200,100,0.995
run_14,180,-53.1390285596032,250,0.0005,256,0.99,200,100,0.995
run_14,185,-13.092973858793204,250,0.0005,256,0.99,200,100,0.995
run_14,190,82.86529014070804,250,0.0005,256,0.99,200,100,0.995
run_14,195,111.10454813716713,250,0.0005,256,0.99,200,100,0.995
run_14,200,96.4509685486326,250,0.0005,256,0.99,200,100,0.995
run_14,205,66.16649227447996,250,0.0005,256,0.99,200,100,0.995
run_14,210,212.9480154148317,250,0.0005,256,0.99,200,100,0.995
run_14,215,118.86621837423914,250,0.0005,256,0.99,200,100,0.995
run_14,220,205.42037613706316,250,0.0005,256,0.99,200,100,0.995
run_14,225,38.194031005013905,250,0.0005,256,0.99,200,100,0.995
run_14,230,203.05440651586315,250,0.0005,256,0.99,200,100,0.995
run_14,235,94.85223635976608,250,0.0005,256,0.99,200,100,0.995
run_14,240,185.41060363290444,250,0.0005,256,0.99,200,100,0.995
run_14,245,26.724781296420947,250,0.0005,256,0.99,200,100,0.995
run_14,250,152.83457274119976,250,0.0005,256,0.99,200,100,0.995
run_14,255,123.39636807946287,250,0.0005,256,0.99,200,100,0.995
run_14,260,181.56350584487072,250,0.0005,256,0.99,200,100,0.995
run_14,265,135.2039790397773,250,0.0005,256,0.99,200,100,0.995
run_14,270,151.54954599241069,250,0.0005,256,0.99,200,100,0.995
run_14,275,237.84655257254184,250,0.0005,256,0.99,200,100,0.995
run_14,280,195.19305014569775,250,0.0005,256,0.99,200,100,0.995
run_14,285,270.5845740698526,250,0.0005,256,0.99,200,100,0.995
run_15,5,-938.3369820288726,250,0.0005,256,0.99,200,100,0.995
run_15,10,-290.8756108348122,250,0.0005,256,0.99,200,100,0.995
run_15,15,-666.1575564874994,250,0.0005,256,0.99,200,100,0.995
run_15,20,-263.54766572181427,250,0.0005,256,0.99,200,100,0.995
run_15,25,-385.93608639803927,250,0.0005,256,0.99,200,100,0.995
run_15,30,-464.9432450353155,250,0.0005,256,0.99,200,100,0.995
run_15,35,-664.6327619355449,250,0.0005,256,0.99,200,100,0.995
run_15,40,-181.07665415257551,250,0.0005,256,0.99,200,100,0.995
run_15,45,-190.39578383171312,250,0.0005,256,0.99,200,100,0.995
run_15,50,-380.2179333811619,250,0.0005,256,0.99,200,100,0.995
run_15,55,-332.96555042954435,250,0.0005,256,0.99,200,100,0.995
run_15,60,-107.78202539121904,250,0.0005,256,0.99,200,100,0.995
run_15,65,-101.03313975180347,250,0.0005,256,0.99,200,100,0.995
run_15,70,-130.94801167285533,250,0.0005,256,0.99,200,100,0.995
run_15,75,-203.21579387432934,250,0.0005,256,0.99,200,100,0.995
run_15,80,-188.65276105887602,250,0.0005,256,0.99,200,100,0.995
run_15,85,-179.63168762747694,250,0.0005,256,0.99,200,100,0.995
run_15,90,-193.86707022273268,250,0.0005,256,0.99,200,100,0.995
run_15,95,-192.95829438061233,250,0.0005,256,0.99,200,100,0.995
run_15,100,-154.79427386880917,250,0.0005,256,0.99,200,100,0.995
run_15,105,-119.84028125178872,250,0.0005,256,0.99,200,100,0.995
run_15,110,-137.47710994197394,250,0.0005,256,0.99,200,100,0.995
run_15,115,-125.54049600203273,250,0.0005,256,0.99,200,100,0.995
run_15,120,-129.53897888301103,250,0.0005,256,0.99,200,100,0.995
run_15,125,-140.43210002656767,250,0.0005,256,0.99,200,100,0.995
run_15,130,-97.53390003167559,250,0.0005,256,0.99,200,100,0.995
run_15,135,-125.28716004667015,250,0.0005,256,0.99,200,100,0.995
run_15,140,-108.86896936351218,250,0.0005,256,0.99,200,100,0.995
run_15,145,-88.14327925621026,250,0.0005,256,0.99,200,100,0.995
run_15,150,-46.222953508357094,250,0.0005,256,0.99,200,100,0.995
run_15,155,-59.25984832941707,250,0.0005,256,0.99,200,100,0.995
run_15,160,-56.47014754087242,250,0.0005,256,0.99,200,100,0.995
run_15,165,-18.534290084118858,250,0.0005,256,0.99,200,100,0.995
run_15,170,-7.820617350213458,250,0.0005,256,0.99,200,100,0.995
run_15,175,11.301687869069184,250,0.0005,256,0.99,200,100,0.995
run_15,180,6.761352546962421,250,0.0005,256,0.99,200,100,0.995
run_15,185,-21.158232145829064,250,0.0005,256,0.99,200,100,0.995
run_15,190,14.199508497136119,250,0.0005,256,0.99,200,100,0.995
run_15,195,-26.55734506322103,250,0.0005,256,0.99,200,100,0.995
run_15,200,126.38747568346855,250,0.0005,256,0.99,200,100,0.995
run_15,205,-32.22006270374568,250,0.0005,256,0.99,200,100,0.995
run_15,210,-1.1566614718694037,250,0.0005,256,0.99,200,100,0.995
run_15,215,-1.2751612561464498,250,0.0005,256,0.99,200,100,0.995
run_15,220,116.30013189078754,250,0.0005,256,0.99,200,100,0.995
run_15,225,121.1980392378631,250,0.0005,256,0.99,200,100,0.995
run_15,230,76.64751484360885,250,0.0005,256,0.99,200,100,0.995
run_15,235,-2.618359341873868,250,0.0005,256,0.99,200,100,0.995
run_15,240,92.25563267849098,250,0.0005,256,0.99,200,100,0.995
run_15,245,82.6804792136757,250,0.0005,256,0.99,200,100,0.995
run_15,250,88.59707162971556,250,0.0005,256,0.99,200,100,0.995
run_15,255,71.72175938012865,250,0.0005,256,0.99,200,100,0.995
run_15,260,193.98969617148083,250,0.0005,256,0.99,200,100,0.995
run_15,265,179.1794274579211,250,0.0005,256,0.99,200,100,0.995
run_15,270,109.66667573319562,250,0.0005,256,0.99,200,100,0.995
run_15,275,-25.494151326373675,250,0.0005,256,0.99,200,100,0.995
run_15,280,-39.871976646150415,250,0.0005,256,0.99,200,100,0.995
run_15,285,122.71747278453344,250,0.0005,256,0.99,200,100,0.995
run_15,290,-46.39704870181742,250,0.0005,256,0.99,200,100,0.995
run_15,295,207.4184229737764,250,0.0005,256,0.99,200,100,0.995
run_15,300,-90.31131475032161,250,0.0005,256,0.99,200,100,0.995
run_15,305,229.85192093713218,250,0.0005,256,0.99,200,100,0.995
run_15,310,202.09342619474782,250,0.0005,256,0.99,200,100,0.995
run_15,315,157.96898520725628,250,0.0005,256,0.99,200,100,0.995
run_15,320,227.86465762390065,250,0.0005,256,0.99,200,100,0.995
run_15,325,146.11398520937445,250,0.0005,256,0.99,200,100,0.995
run_15,330,201.3105400440054,250,0.0005,256,0.99,200,100,0.995
run_15,335,122.93873154131533,250,0.0005,256,0.99,200,100,0.995
run_15,340,-4.236935558798382,250,0.0005,256,0.99,200,100,0.995
run_15,345,218.21271589892314,250,0.0005,256,0.99,200,100,0.995
run_15,350,153.94072178329685,250,0.0005,256,0.99,200,100,0.995
run_15,355,248.81465754854534,250,0.0005,256,0.99,200,100,0.995
run_15,360,247.68683856797855,250,0.0005,256,0.99,200,100,0.995
run_15,365,25.97023350234763,250,0.0005,256,0.99,200,100,0.995
run_15,370,-31.448641586289046,250,0.0005,256,0.99,200,100,0.995
run_15,375,142.32656134025518,250,0.0005,256,0.99,200,100,0.995
run_15,380,224.21810288339708,250,0.0005,256,0.99,200,100,0.995
run_15,385,-23.330112134804203,250,0.0005,256,0.99,200,100,0.995
run_15,390,242.76781166180263,250,0.0005,256,0.99,200,100,0.995
run_15,395,244.4824009893865,250,0.0005,256,0.99,200,100,0.995
run_15,400,252.60502367254907,250,0.0005,256,0.99,200,100,0.995
run_2,5,-210.6883129807979,250,0.0005,256,0.99,200,100,0.995
run_2,10,-245.78697197261044,250,0.0005,256,0.99,200,100,0.995
run_2,15,-165.48698582386587,250,0.0005,256,0.99,200,100,0.995
run_2,20,-235.445250269847,250,0.0005,256,0.99,200,100,0.995
run_2,25,-398.78850479756824,250,0.0005,256,0.99,200,100,0.995
run_2,30,-647.2229271193553,250,0.0005,256,0.99,200,100,0.995
run_2,35,-267.6804799068102,250,0.0005,256,0.99,200,100,0.995
run_2,40,-1375.0483737660188,250,0.0005,256,0.99,200,100,0.995
run_2,45,-1948.4765240295135,250,0.0005,256,0.99,200,100,0.995
run_2,50,-487.8606890439904,250,0.0005,256,0.99,200,100,0.995
run_2,55,-67.10970206541347,250,0.0005,256,0.99,200,100,0.995
run_2,60,-224.14646994463345,250,0.0005,256,0.99,200,100,0.995
run_2,65,-155.48789451236684,250,0.0005,256,0.99,200,100,0.995
run_2,70,-183.05324210144914,250,0.0005,256,0.99,200,100,0.995
run_2,75,-103.57503079864664,250,0.0005,256,0.99,200,100,0.995
run_2,80,-210.61459321661022,250,0.0005,256,0.99,200,100,0.995
run_2,85,-156.97856784768334,250,0.0005,256,0.99,200,100,0.995
run_2,90,-186.49236113854136,250,0.0005,256,0.99,200,100,0.995
run_2,95,-195.0063076028049,250,0.0005,256,0.99,200,100,0.995
run_2,100,-182.68474208457667,250,0.0005,256,0.99,200,100,0.995
run_2,105,-177.50207059743485,250,0.0005,256,0.99,200,100,0.995
run_2,110,-164.9493188777272,250,0.0005,256,0.99,200,100,0.995
run_2,115,-209.91355911779746,250,0.0005,256,0.99,200,100,0.995
run_2,120,-159.1561574961601,250,0.0005,256,0.99,200,100,0.995
run_2,125,-163.32797539991932,250,0.0005,256,0.99,200,100,0.995
run_2,130,-149.49630695737687,250,0.0005,256,0.99,200,100,0.995
run_2,135,-132.71361514308762,250,0.0005,256,0.99,200,100,0.995
run_2,140,-109.18672737457041,250,0.0005,256,0.99,200,100,0.995
run_2,145,-132.22715124345274,250,0.0005,256,0.99,200,100,0.995
run_2,150,-122.64041654456916,250,0.0005,256,0.99,200,100,0.995
run_2,155,-123.05011769879698,250,0.0005,256,0.99,200,100,0.995
run_2,160,-94.32522871485304,250,0.0005,256,0.99,200,100,0.995
run_2,165,-110.96421236871295,250,0.0005,256,0.99,200,100,0.995
run_2,170,-119.05502389937821,250,0.0005,256,0.99,200,100,0.995
run_2,175,-161.659406073623,250,0.0005,256,0.99,200,100,0.995
run_2,180,-127.08863321610204,250,0.0005,256,0.99,200,100,0.995
run_2,185,-74.10261889532494,250,0.0005,256,0.99,200,100,0.995
run_2,190,-61.75417185899217,250,0.0005,256,0.99,200,100,0.995
run_2,195,-58.908895206741974,250,0.0005,256,0.99,200,100,0.995
run_2,200,-20.592216345150167,250,0.0005,256,0.99,200,100,0.995
run_2,205,-4.949125386701568,250,0.0005,256,0.99,200,100,0.995
run_2,210,-27.526278183483775,250,0.0005,256,0.99,200,100,0.995
run_2,215,109.60035028459058,250,0.0005,256,0.99,200,100,0.995
run_2,220,-45.321811925089285,250,0.0005,256,0.99,200,100,0.995
run_2,225,-38.09219947324631,250,0.0005,256,0.99,200,100,0.995
run_2,230,-33.96136722070946,250,0.0005,256,0.99,200,100,0.995
run_2,235,95.14299430578599,250,0.0005,256,0.99,200,100,0.995
run_2,240,107.35586947920808,250,0.0005,256,0.99,200,100,0.995
run_2,245,-35.892298701459495,250,0.0005,256,0.99,200,100,0.995
run_2,250,17.68451959914257,250,0.0005,256,0.99,200,100,0.995
run_2,255,114.71371664980022,250,0.0005,256,0.99,200,100,0.995
run_2,260,-11.912466025199498,250,0.0005,256,0.99,200,100,0.995
run_2,265,-41.754329989186886,250,0.0005,256,0.99,200,100,0.995
run_2,270,-8.319450222238576,250,0.0005,256,0.99,200,100,0.995
run_2,275,237.7730778349654,250,0.0005,256,0.99,200,100,0.995
run_2,280,158.51615810497097,250,0.0005,256,0.99,200,100,0.995
run_2,285,148.79437108858954,250,0.0005,256,0.99,200,100,0.995
run_2,290,146.5179660600672,250,0.0005,256,0.99,200,100,0.995
run_2,295,143.90745252004248,250,0.0005,256,0.99,200,100,0.995
run_2,300,160.10342084980022,250,0.0005,256,0.99,200,100,0.995
run_2,305,211.82890480139167,250,0.0005,256,0.99,200,100,0.995
run_2,310,176.8788281911595,250,0.0005,256,0.99,200,100,0.995
run_2,315,225.63304502641662,250,0.0005,256,0.99,200,100,0.995
run_2,320,37.39584046248245,250,0.0005,256,0.99,200,100,0.995
run_2,325,220.57918818306274,250,0.0005,256,0.99,200,100,0.995
run_2,330,208.60465357828906,250,0.0005,256,0.99,200,100,0.995
run_2,335,211.05411245768536,250,0.0005,256,0.99,200,100,0.995
run_2,340,158.8123933235324,250,0.0005,256,0.99,200,100,0.995
run_2,345,196.81725732967828,250,0.0005,256,0.99,200,100,0.995
run_2,350,65.63054567377941,250,0.0005,256,0.99,200,100,0.995
run_2,355,246.48720523130714,250,0.0005,256,0.99,200,100,0.995
run_2,360,212.01341871184232,250,0.0005,256,0.99,200,100,0.995
run_2,365,144.88733800372665,250,0.0005,256,0.99,200,100,0.995
run_2,370,64.6045272727093,250,0.0005,256,0.99,200,100,0.995
run_2,375,17.743358530441203,250,0.0005,256,0.99,200,100,0.995
run_2,380,145.72231093893402,250,0.0005,256,0.99,200,100,0.995
run_2,385,10.478503756600677,250,0.0005,256,0.99,200,100,0.995
run_2,390,84.53863845661141,250,0.0005,256,0.99,200,100,0.995
run_2,395,253.96430178098709,250,0.0005,256,0.99,200,100,0.995
run_3,5,-802.529365342378,250,0.0005,256,0.99,200,100,0.995
run_3,10,-950.0569300383556,250,0.0005,256,0.99,200,100,0.995
run_3,15,-317.4052653872095,250,0.0005,256,0.99,200,100,0.995
run_3,20,-219.0849505306232,250,0.0005,256,0.99,200,100,0.995
run_3,25,-229.77472545001768,250,0.0005,256,0.99,200,100,0.995
run_3,30,-185.3877368338349,250,0.0005,256,0.99,200,100,0.995
run_3,35,-258.8676263370652,250,0.0005,256,0.99,200,100,0.995
run_3,40,-267.21050040786685,250,0.0005,256,0.99,200,100,0.995
run_3,45,-164.12798593205994,250,0.0005,256,0.99,200,100,0.995
run_3,50,-132.59232695290933,250,0.0005,256,0.99,200,100,0.995
run_3,55,-131.12265029586177,250,0.0005,256,0.99,200,100,0.995
run_3,60,-108.33395846840497,250,0.0005,256,0.99,200,100,0.995
run_3,65,-149.47016789257233,250,0.0005,256,0.99,200,100,0.995
run_3,70,-130.38930520748397,250,0.0005,256,0.99,200,100,0.995
run_3,75,-255.18958464290432,250,0.0005,256,0.99,200,100,0.995
run_3,80,-161.45254791680355,250,0.0005,256,0.99,200,100,0.995
run_3,85,-202.37588577725242,250,0.0005,256,0.99,200,100,0.995
run_3,90,-149.6077459062944,250,0.0005,256,0.99,200,100,0.995
run_3,95,-177.65850838170437,250,0.0005,256,0.99,200,100,0.995
run_3,100,-183.93491114627653,250,0.0005,256,0.99,200,100,0.995
run_3,105,-128.13657162219255,250,0.0005,256,0.99,200,100,0.995
run_3,110,-156.40839710780728,250,0.0005,256,0.99,200,100,0.995
run_3,115,-169.21527127240503,250,0.0005,256,0.99,200,100,0.995
run_3,120,-154.78342546726512,250,0.0005,256,0.99,200,100,0.995
run_3,125,-129.01336573229426,250,0.0005,256,0.99,200,100,0.995
run_3,130,-74.56534069756722,250,0.0005,256,0.99,200,100,0.995
run_3,135,-136.69125689106312,250,0.0005,256,0.99,200,100,0.995
run_3,140,-112.91498920755176,250,0.0005,256,0.99,200,100,0.995
run_3,145,-88.0110851487227,250,0.0005,256,0.99,200,100,0.995
run_3,150,-76.05793557725389,250,0.0005,256,0.99,200,100,0.995
run_3,155,-86.93239845315772,250,0.0005,256,0.99,200,100,0.995
run_3,160,-57.766611508603305,250,0.0005,256,0.99,200,100,0.995
run_3,165,-33.815038672267214,250,0.0005,256,0.99,200,100,0.995
run_3,170,-26.46112417833054,250,0.0005,256,0.99,200,100,0.995
run_3,175,-12.69095571839043,250,0.0005,256,0.99,200,100,0.995
run_3,180,-13.139368738653346,250,0.0005,256,0.99,200,100,0.995
run_3,185,-18.445275089955064,250,0.0005,256,0.99,200,100,0.995
run_3,190,-34.376532340523006,250,0.0005,256,0.99,200,100,0.995
run_3,195,-45.733658240785175,250,0.0005,256,0.99,200,100,0.995
run_3,200,-30.09629561441618,250,0.0005,256,0.99,200,100,0.995
run_3,205,-68.23526559550433,250,0.0005,256,0.99,200,100,0.995
run_3,210,-37.27086342638316,250,0.0005,256,0.99,200,100,0.995
run_3,215,-33.43491979704341,250,0.0005,256,0.99,200,100,0.995
run_3,220,-54.48199519606432,250,0.0005,256,0.99,200,100,0.995
run_3,225,0.48312498259416825,250,0.0005,256,0.99,200,100,0.995
run_3,230,-27.85713460097811,250,0.0005,256,0.99,200,100,0.995
run_3,235,-279.5970058395847,250,0.0005,256,0.99,200,100,0.995
run_3,240,170.0614428734456,250,0.0005,256,0.99,200,100,0.995
run_3,245,52.44320530359952,250,0.0005,256,0.99,200,100,0.995
run_3,250,-91.91020370239663,250,0.0005,256,0.99,200,100,0.995
run_3,255,-63.87568530211455,250,0.0005,256,0.99,200,100,0.995
run_3,260,175.57949368558303,250,0.0005,256,0.99,200,100,0.995
run_3,265,-8.646050156685021,250,0.0005,256,0.99,200,100,0.995
run_3,270,194.18120789800454,250,0.0005,256,0.99,200,100,0.995
run_3,275,1.2378944898546453,250,0.0005,256,0.99,200,100,0.995
run_3,280,74.31480961637023,250,0.0005,256,0.99,200,100,0.995
run_3,285,34.82554389557497,250,0.0005,256,0.99,200,100,0.995
run_3,290,178.34070115225379,250,0.0005,256,0.99,200,100,0.995
run_3,295,270.4167628956547,250,0.0005,256,0.99,200,100,0.995
run_4,5,-565.4504393252712,250,0.0005,256,0.99,200,100,0.995
run_4,10,-819.1060376682965,250,0.0005,256,0.99,200,100,0.995
run_4,15,-539.0241074255534,250,0.0005,256,0.99,200,100,0.995
run_4,20,-700.5496885391507,250,0.0005,256,0.99,200,100,0.995
run_4,25,-188.00825069251525,250,0.0005,256,0.99,200,100,0.995
run_4,30,-122.13186906744488,250,0.0005,256,0.99,200,100,0.995
run_4,35,-239.4063862914649,250,0.0005,256,0.99,200,100,0.995
run_4,40,-309.29885787497926,250,0.0005,256,0.99,200,100,0.995
run_4,45,-335.3650111216859,250,0.0005,256,0.99,200,100,0.995
run_4,50,-261.5336931367859,250,0.0005,256,0.99,200,100,0.995
run_4,55,-107.37101057339603,250,0.0005,256,0.99,200,100,0.995
run_4,60,-128.45277091382943,250,0.0005,256,0.99,200,100,0.995
run_4,65,-138.18843685140592,250,0.0005,256,0.99,200,100,0.995
run_4,70,-114.33049237913346,250,0.0005,256,0.99,200,100,0.995
run_4,75,-126.24515450218883,250,0.0005,256,0.99,200,100,0.995
run_4,80,-127.59199868899493,250,0.0005,256,0.99,200,100,0.995
run_4,85,-135.31289418452658,250,0.0005,256,0.99,200,100,0.995
run_4,90,-137.4555824202668,250,0.0005,256,0.99,200,100,0.995
run_4,95,-249.87397999827766,250,0.0005,256,0.99,200,100,0.995
run_4,100,-147.53435275408884,250,0.0005,256,0.99,200,100,0.995
run_4,105,-289.0341488752391,250,0.0005,256,0.99,200,100,0.995
run_4,110,-277.7695344969309,250,0.0005,256,0.99,200,100,0.995
run_4,115,-253.80624000025054,250,0.0005,256,0.99,200,100,0.995
run_4,120,-214.721584824564,250,0.0005,256,0.99,200,100,0.995
run_4,125,-274.66492922346475,250,0.0005,256,0.99,200,100,0.995
run_4,130,-258.4837602499649,250,0.0005,256,0.99,200,100,0.995
run_4,135,-205.48572593501558,250,0.0005,256,0.99,200,100,0.995
run_4,140,-228.59130746208285,250,0.0005,256,0.99,200,100,0.995
run_4,145,-203.54065247510476,250,0.0005,256,0.99,200,100,0.995
run_4,150,-179.65487780275782,250,0.0005,256,0.99,200,100,0.995
run_4,155,-157.93328316143487,250,0.0005,256,0.99,200,100,0.995
run_4,160,-102.38754908258747,250,0.0005,256,0.99,200,100,0.995
run_4,165,-104.34002626385522,250,0.0005,256,0.99,200,100,0.995
run_4,170,-118.21863568464964,250,0.0005,256,0.99,200,100,0.995
run_4,175,-108.5095271480405,250,0.0005,256,0.99,200,100,0.995
run_4,180,-143.02577743833064,250,0.0005,256,0.99,200,100,0.995
run_4,185,-47.55439882513791,250,0.0005,256,0.99,200,100,0.995
run_4,190,25.719020693881077,250,0.0005,256,0.99,200,100,0.995
run_4,195,1.9587419516425986,250,0.0005,256,0.99,200,100,0.995
run_4,200,37.92026585722692,250,0.0005,256,0.99,200,100,0.995
run_4,205,-49.7196374594057,250,0.0005,256,0.99,200,100,0.995
run_4,210,-34.99314564902407,250,0.0005,256,0.99,200,100,0.995
run_4,215,-30.982503178313827,250,0.0005,256,0.99,200,100,0.995
run_4,220,-11.321030741301703,250,0.0005,256,0.99,200,100,0.995
run_4,225,40.11776582870103,250,0.0005,256,0.99,200,100,0.995
run_4,230,200.6620749901252,250,0.0005,256,0.99,200,100,0.995
run_4,235,2.5133084517713917,250,0.0005,256,0.99,200,100,0.995
run_4,240,47.67413160163229,250,0.0005,256,0.99,200,100,0.995
run_4,245,39.3413516234069,250,0.0005,256,0.99,200,100,0.995
run_4,250,-330.37105436033045,250,0.0005,256,0.99,200,100,0.995
run_4,255,117.42890879702728,250,0.0005,256,0.99,200,100,0.995
run_4,260,139.1488859028637,250,0.0005,256,0.99,200,100,0.995
run_4,265,-56.664078414822555,250,0.0005,256,0.99,200,100,0.995
run_4,270,143.39558510375565,250,0.0005,256,0.99,200,100,0.995
run_4,275,-73.2112508064254,250,0.0005,256,0.99,200,100,0.995
run_4,280,172.4526713874963,250,0.0005,256,0.99,200,100,0.995
run_4,285,220.13576847027056,250,0.0005,256,0.99,200,100,0.995
run_4,290,201.32380771177725,250,0.0005,256,0.99,200,100,0.995
run_4,295,195.2066237554743,250,0.0005,256,0.99,200,100,0.995
run_4,300,130.51292583404185,250,0.0005,256,0.99,200,100,0.995
run_4,305,232.3651145527725,250,0.0005,256,0.99,200,100,0.995
run_4,310,195.04958169539557,250,0.0005,256,0.99,200,100,0.995
run_4,315,208.43452655541265,250,0.0005,256,0.99,200,100,0.995
run_4,320,173.27461716953337,250,0.0005,256,0.99,200,100,0.995
run_4,325,-247.58848916286942,250,0.0005,256,0.99,200,100,0.995
run_4,330,138.73445416067938,250,0.0005,256,0.99,200,100,0.995
run_4,335,96.4333606714056,250,0.0005,256,0.99,200,100,0.995
run_4,340,153.1589680550966,250,0.0005,256,0.99,200,100,0.995
run_4,345,224.53517797874474,250,0.0005,256,0.99,200,100,0.995
run_4,350,161.67686355138474,250,0.0005,256,0.99,200,100,0.995
run_4,355,208.41844301283768,250,0.0005,256,0.99,200,100,0.995
run_4,360,137.63525819633145,250,0.0005,256,0.99,200,100,0.995
run_4,365,233.51666219928444,250,0.0005,256,0.99,200,100,0.995
run_4,370,264.3007076475916,250,0.0005,256,0.99,200,100,0.995
run_5,5,-259.8319951974146,250,0.0005,256,0.99,200,100,0.995
run_5,10,-374.0773162697858,250,0.0005,256,0.99,200,100,0.995
run_5,15,-768.7138875654738,250,0.0005,256,0.99,200,100,0.995
run_5,20,-433.06545259587176,250,0.0005,256,0.99,200,100,0.995
run_5,25,-572.8738384431302,250,0.0005,256,0.99,200,100,0.995
run_5,30,-501.72200069632964,250,0.0005,256,0.99,200,100,0.995
run_5,35,-419.16183478806533,250,0.0005,256,0.99,200,100,0.995
run_5,40,-68.57402285822403,250,0.0005,256,0.99,200,100,0.995
run_5,45,-93.46983923008963,250,0.0005,256,0.99,200,100,0.995
run_5,50,2.8382826341858687,250,0.0005,256,0.99,200,100,0.995
run_5,55,-151.69746193942234,250,0.0005,256,0.99,200,100,0.995
run_5,60,-104.94108053126061,250,0.0005,256,0.99,200,100,0.995
run_5,65,-41.04405981176234,250,0.0005,256,0.99,200,100,0.995
run_5,70,-113.2912379282202,250,0.0005,256,0.99,200,100,0.995
run_5,75,-176.4647996475756,250,0.0005,256,0.99,200,100,0.995
run_5,80,-17.329891943698286,250,0.0005,256,0.99,200,100,0.995
run_5,85,-21.177390864783778,250,0.0005,256,0.99,200,100,0.995
run_5,90,-207.94895616722732,250,0.0005,256,0.99,200,100,0.995
run_5,95,-41.18217131115004,250,0.0005,256,0.99,200,100,0.995
run_5,100,-361.91488094217397,250,0.0005,256,0.99,200,100,0.995
run_5,105,-123.46166882256541,250,0.0005,256,0.99,200,100,0.995
run_5,110,-93.98305085608638,250,0.0005,256,0.99,200,100,0.995
run_5,115,-296.7988666692064,250,0.0005,256,0.99,200,100,0.995
run_5,120,-153.3269566197239,250,0.0005,256,0.99,200,100,0.995
run_5,125,-114.09766406045165,250,0.0005,256,0.99,200,100,0.995
run_5,130,-114.52628523894266,250,0.0005,256,0.99,200,100,0.995
run_5,135,-97.7171362548934,250,0.0005,256,0.99,200,100,0.995
run_5,140,-119.88492590799737,250,0.0005,256,0.99,200,100,0.995
run_5,145,-82.87523230273126,250,0.0005,256,0.99,200,100,0.995
run_5,150,-74.13119078379732,250,0.0005,256,0.99,200,100,0.995
run_5,155,-51.43406291150001,250,0.0005,256,0.99,200,100,0.995
run_5,160,-34.59807557312699,250,0.0005,256,0.99,200,100,0.995
run_5,165,-29.417404821565572,250,0.0005,256,0.99,200,100,0.995
run_5,170,3.4227491780601427,250,0.0005,256,0.99,200,100,0.995
run_5,175,5.960050124896356,250,0.0005,256,0.99,200,100,0.995
run_5,180,7.907254016317625,250,0.0005,256,0.99,200,100,0.995
run_5,185,1.9111007684215402,250,0.0005,256,0.99,200,100,0.995
run_5,190,-47.12441074287364,250,0.0005,256,0.99,200,100,0.995
run_5,195,57.46748725782222,250,0.0005,256,0.99,200,100,0.995
run_5,200,-23.033674910278116,250,0.0005,256,0.99,200,100,0.995
run_5,205,-99.93613575406935,250,0.0005,256,0.99,200,100,0.995
run_5,210,-126.73719849392083,250,0.0005,256,0.99,200,100,0.995
run_5,215,208.4590687878029,250,0.0005,256,0.99,200,100,0.995
run_5,220,90.70536486592002,250,0.0005,256,0.99,200,100,0.995
run_5,225,204.4264839624683,250,0.0005,256,0.99,200,100,0.995
run_5,230,215.748732077996,250,0.0005,256,0.99,200,100,0.995
run_5,235,38.942320215396464,250,0.0005,256,0.99,200,100,0.995
run_5,240,244.9228674083966,250,0.0005,256,0.99,200,100,0.995
run_5,245,155.22687034030503,250,0.0005,256,0.99,200,100,0.995
run_5,250,80.38046433412265,250,0.0005,256,0.99,200,100,0.995
run_5,255,255.73910776828052,250,0.0005,256,0.99,200,100,0.995
run_6,5,-876.8338310713455,250,0.0005,256,0.99,200,100,0.995
run_6,10,-200.89582022898622,250,0.0005,256,0.99,200,100,0.995
run_6,15,-558.1946506449688,250,0.0005,256,0.99,200,100,0.995
run_6,20,-160.17730391893525,250,0.0005,256,0.99,200,100,0.995
run_6,25,-146.05679033469224,250,0.0005,256,0.99,200,100,0.995
run_6,30,-136.3491644303591,250,0.0005,256,0.99,200,100,0.995
run_6,35,-132.9425796922662,250,0.0005,256,0.99,200,100,0.995
run_6,40,-208.58130050136947,250,0.0005,256,0.99,200,100,0.995
run_6,45,-177.25115948908675,250,0.0005,256,0.99,200,100,0.995
run_6,50,-178.68561970385525,250,0.0005,256,0.99,200,100,0.995
run_6,55,-168.38578121551788,250,0.0005,256,0.99,200,100,0.995
run_6,60,-197.78523044587695,250,0.0005,256,0.99,200,100,0.995
run_6,65,-132.57494932650587,250,0.0005,256,0.99,200,100,0.995
run_6,70,-144.0685791608594,250,0.0005,256,0.99,200,100,0.995
run_6,75,-142.7923552673016,250,0.0005,256,0.99,200,100,0.995
run_6,80,-147.66561649778072,250,0.0005,256,0.99,200,100,0.995
run_6,85,-144.62748752945654,250,0.0005,256,0.99,200,100,0.995
run_6,90,-113.74201617332395,250,0.0005,256,0.99,200,100,0.995
run_6,95,-186.3113360436417,250,0.0005,256,0.99,200,100,0.995
run_6,100,-188.69031083681588,250,0.0005,256,0.99,200,100,0.995
run_6,105,-221.11729367801235,250,0.0005,256,0.99,200,100,0.995
run_6,110,-191.07030113644993,250,0.0005,256,0.99,200,100,0.995
run_6,115,-217.18053520439798,250,0.0005,256,0.99,200,100,0.995
run_6,120,-215.6782440835746,250,0.0005,256,0.99,200,100,0.995
run_6,125,-190.67801697930702,250,0.0005,256,0.99,200,100,0.995
run_6,130,-194.70987077943474,250,0.0005,256,0.99,200,100,0.995
run_6,135,-112.62644412645584,250,0.0005,256,0.99,200,100,0.995
run_6,140,-75.56939975839778,250,0.0005,256,0.99,200,100,0.995
run_6,145,-62.58696378399382,250,0.0005,256,0.99,200,100,0.995
run_6,150,-111.36586489010999,250,0.0005,256,0.99,200,100,0.995
run_6,155,-147.62847570264466,250,0.0005,256,0.99,200,100,0.995
run_6,160,-68.86501987161081,250,0.0005,256,0.99,200,100,0.995
run_6,165,-37.79695071363775,250,0.0005,256,0.99,200,100,0.995
run_6,170,-34.671749739437566,250,0.0005,256,0.99,200,100,0.995
run_6,175,-24.802720565995763,250,0.0005,256,0.99,200,100,0.995
run_6,180,-30.652208472611562,250,0.0005,256,0.99,200,100,0.995
run_6,185,-7.1731218861627655,250,0.0005,256,0.99,200,100,0.995
run_6,190,-11.078193011079362,250,0.0005,256,0.99,200,100,0.995
run_6,195,110.01818714266389,250,0.0005,256,0.99,200,100,0.995
run_6,200,47.313886744007476,250,0.0005,256,0.99,200,100,0.995
run_6,205,-8.328582470907765,250,0.0005,256,0.99,200,100,0.995
run_6,210,109.28346909915788,250,0.0005,256,0.99,200,100,0.995
run_6,215,-21.576886757022546,250,0.0005,256,0.99,200,100,0.995
run_6,220,91.1061152857125,250,0.0005,256,0.99,200,100,0.995
run_6,225,209.2260575829007,250,0.0005,256,0.99,200,100,0.995
run_6,230,4.941235421194834,250,0.0005,256,0.99,200,100,0.995
run_6,235,239.95184111828695,250,0.0005,256,0.99,200,100,0.995
run_6,240,187.16338939767775,250,0.0005,256,0.99,200,100,0.995
run_6,245,204.12656869226734,250,0.0005,256,0.99,200,100,0.995
run_6,250,184.7904063816514,250,0.0005,256,0.99,200,100,0.995
run_6,255,-74.65035613441158,250,0.0005,256,0.99,200,100,0.995
run_6,260,202.9522111409046,250,0.0005,256,0.99,200,100,0.995
run_6,265,119.9508677069729,250,0.0005,256,0.99,200,100,0.995
run_6,270,120.34693636691705,250,0.0005,256,0.99,200,100,0.995
run_6,275,125.48881975446307,250,0.0005,256,0.99,200,100,0.995
run_6,280,159.4750905802103,250,0.0005,256,0.99,200,100,0.995
run_6,285,171.1756291078387,250,0.0005,256,0.99,200,100,0.995
run_6,290,232.10024217117203,250,0.0005,256,0.99,200,100,0.995
run_6,295,31.885442912301404,250,0.0005,256,0.99,200,100,0.995
run_6,300,184.14934977630188,250,0.0005,256,0.99,200,100,0.995
run_6,305,118.19993497565659,250,0.0005,256,0.99,200,100,0.995
run_6,310,247.22284014566594,250,0.0005,256,0.99,200,100,0.995
run_6,315,-5.481116310425362,250,0.0005,256,0.99,200,100,0.995
run_6,320,161.81950542588945,250,0.0005,256,0.99,200,100,0.995
run_6,325,80.16030505633618,250,0.0005,256,0.99,200,100,0.995
run_6,330,112.38742166143058,250,0.0005,256,0.99,200,100,0.995
run_6,335,207.37708130746108,250,0.0005,256,0.99,200,100,0.995
run_6,340,224.94887960941773,250,0.0005,256,0.99,200,100,0.995
run_6,345,242.1120422443399,250,0.0005,256,0.99,200,100,0.995
run_6,350,-22.082141127733944,250,0.0005,256,0.99,200,100,0.995
run_6,355,241.3251613304015,250,0.0005,256,0.99,200,100,0.995
run_6,360,252.45817005784858,250,0.0005,256,0.99,200,100,0.995
run_7,5,-653.7299602248883,250,0.0005,256,0.99,200,100,0.995
run_7,10,-318.07989101435345,250,0.0005,256,0.99,200,100,0.995
run_7,15,-577.8203873389126,250,0.0005,256,0.99,200,100,0.995
run_7,20,-473.1393113554639,250,0.0005,256,0.99,200,100,0.995
run_7,25,-502.70838172564135,250,0.0005,256,0.99,200,100,0.995
run_7,30,-155.27155021533204,250,0.0005,256,0.99,200,100,0.995
run_7,35,-268.3350480117579,250,0.0005,256,0.99,200,100,0.995
run_7,40,-195.58418182773326,250,0.0005,256,0.99,200,100,0.995
run_7,45,-183.28295431120006,250,0.0005,256,0.99,200,100,0.995
run_7,50,-156.39491671686912,250,0.0005,256,0.99,200,100,0.995
run_7,55,-181.0047071270394,250,0.0005,256,0.99,200,100,0.995
run_7,60,-227.16095682357303,250,0.0005,256,0.99,200,100,0.995
run_7,65,-149.99659975382104,250,0.0005,256,0.99,200,100,0.995
run_7,70,-84.02726063781303,250,0.0005,256,0.99,200,100,0.995
run_7,75,-218.77733357902622,250,0.0005,256,0.99,200,100,0.995
run_7,80,-171.7673227058163,250,0.0005,256,0.99,200,100,0.995
run_7,85,-152.01470730550946,250,0.0005,256,0.99,200,100,0.995
run_7,90,-85.10390391638023,250,0.0005,256,0.99,200,100,0.995
run_7,95,-96.92388449315804,250,0.0005,256,0.99,200,100,0.995
run_7,100,-97.7401871705691,250,0.0005,256,0.99,200,100,0.995
run_7,105,-138.71687153703118,250,0.0005,256,0.99,200,100,0.995
run_7,110,-164.05767160417275,250,0.0005,256,0.99,200,100,0.995
run_7,115,-109.45827287713556,250,0.0005,256,0.99,200,100,0.995
run_7,120,-143.93235757783572,250,0.0005,256,0.99,200,100,0.995
run_7,125,-251.65527192611597,250,0.0005,256,0.99,200,100,0.995
run_7,130,-284.58048180642606,250,0.0005,256,0.99,200,100,0.995
run_7,135,-185.766763236394,250,0.0005,256,0.99,200,100,0.995
run_7,140,-161.02898146157963,250,0.0005,256,0.99,200,100,0.995
run_7,145,-114.80752280661083,250,0.0005,256,0.99,200,100,0.995
run_7,150,-125.54846458884924,250,0.0005,256,0.99,200,100,0.995
run_7,155,-69.1900657942383,250,0.0005,256,0.99,200,100,0.995
run_7,160,-196.47294895192564,250,0.0005,256,0.99,200,100,0.995
run_7,165,-90.85604032883069,250,0.0005,256,0.99,200,100,0.995
run_7,170,-86.63634495283267,250,0.0005,256,0.99,200,100,0.995
run_7,175,-83.69213783687057,250,0.0005,256,0.99,200,100,0.995
run_7,180,-130.31296840308818,250,0.0005,256,0.99,200,100,0.995
run_7,185,-108.67579931496792,250,0.0005,256,0.99,200,100,0.995
run_7,190,-21.19963684003041,250,0.0005,256,0.99,200,100,0.995
run_7,195,-12.214264510133518,250,0.0005,256,0.99,200,100,0.995
run_7,200,-14.742535659340906,250,0.0005,256,0.99,200,100,0.995
run_7,205,-40.8397514981658,250,0.0005,256,0.99,200,100,0.995
run_7,210,-2.489032462713505,250,0.0005,256,0.99,200,100,0.995
run_7,215,-20.898070372165666,250,0.0005,256,0.99,200,100,0.995
run_7,220,-25.719964411605037,250,0.0005,256,0.99,200,100,0.995
run_7,225,-38.734185369561025,250,0.0005,256,0.99,200,100,0.995
run_7,230,-18.5393684927151,250,0.0005,256,0.99,200,100,0.995
run_7,235,23.661649720602533,250,0.0005,256,0.99,200,100,0.995
run_7,240,136.0028860590859,250,0.0005,256,0.99,200,100,0.995
run_7,245,225.1459471730765,250,0.0005,256,0.99,200,100,0.995
run_7,250,212.86253302908776,250,0.0005,256,0.99,200,100,0.995
run_7,255,146.99681916044358,250,0.0005,256,0.99,200,100,0.995
run_7,260,142.22976091989594,250,0.0005,256,0.99,200,100,0.995
run_7,265,113.0185402383019,250,0.0005,256,0.99,200,100,0.995
run_7,270,235.5786962427982,250,0.0005,256,0.99,200,100,0.995
run_7,275,158.43499020576024,250,0.0005,256,0.99,200,100,0.995
run_7,280,246.71971677352363,250,0.0005,256,0.99,200,100,0.995
run_7,285,-539.3565672107825,250,0.0005,256,0.99,200,100,0.995
run_7,290,-483.93726480328917,250,0.0005,256,0.99,200,100,0.995
run_7,295,-267.7395012214247,250,0.0005,256,0.99,200,100,0.995
run_7,300,-36.4454796319822,250,0.0005,256,0.99,200,100,0.995
run_7,305,236.1148666655361,250,0.0005,256,0.99,200,100,0.995
run_7,310,230.91894184336564,250,0.0005,256,0.99,200,100,0.995
run_7,315,-169.05507387856633,250,0.0005,256,0.99,200,100,0.995
run_7,320,35.89647845910389,250,0.0005,256,0.99,200,100,0.995
run_7,325,237.71827312257437,250,0.0005,256,0.99,200,100,0.995
run_7,330,222.661125595851,250,0.0005,256,0.99,200,100,0.995
run_7,335,90.2688671871708,250,0.0005,256,0.99,200,100,0.995
run_7,340,148.41175759261668,250,0.0005,256,0.99,200,100,0.995
run_7,345,118.60028782525383,250,0.0005,256,0.99,200,100,0.995
run_7,350,48.00751270468537,250,0.0005,256,0.99,200,100,0.995
run_7,355,94.30259523134802,250,0.0005,256,0.99,200,100,0.995
run_7,360,-98.70257256314416,250,0.0005,256,0.99,200,100,0.995
run_7,365,243.44742846819798,250,0.0005,256,0.99,200,100,0.995
run_7,370,244.8093366527365,250,0.0005,256,0.99,200,100,0.995
run_7,375,169.8463277518976,250,0.0005,256,0.99,200,100,0.995
run_7,380,255.9363828219103,250,0.0005,256,0.99,200,100,0.995
run_8,5,-520.5043508594006,250,0.0005,256,0.99,200,100,0.995
run_8,10,-334.36333880913816,250,0.0005,256,0.99,200,100,0.995
run_8,15,-282.1170458502915,250,0.0005,256,0.99,200,100,0.995
run_8,20,-270.52609534327064,250,0.0005,256,0.99,200,100,0.995
run_8,25,-57.87256112036609,250,0.0005,256,0.99,200,100,0.995
run_8,30,-117.97579024607057,250,0.0005,256,0.99,200,100,0.995
run_8,35,-71.80862154199649,250,0.0005,256,0.99,200,100,0.995
run_8,40,-35.45153385138033,250,0.0005,256,0.99,200,100,0.995
run_8,45,-115.96295102321244,250,0.0005,256,0.99,200,100,0.995
run_8,50,-179.4155602676815,250,0.0005,256,0.99,200,100,0.995
run_8,55,-185.28429987525726,250,0.0005,256,0.99,200,100,0.995
run_8,60,-199.81407403875454,250,0.0005,256,0.99,200,100,0.995
run_8,65,-198.02648002243805,250,0.0005,256,0.99,200,100,0.995
run_8,70,-187.0789811011182,250,0.0005,256,0.99,200,100,0.995
run_8,75,-177.55315416696868,250,0.0005,256,0.99,200,100,0.995
run_8,80,-236.04704962596674,250,0.0005,256,0.99,200,100,0.995
run_8,85,-183.2985151821999,250,0.0005,256,0.99,200,100,0.995
run_8,90,-174.83825421365663,250,0.0005,256,0.99,200,100,0.995
run_8,95,-199.57574475637702,250,0.0005,256,0.99,200,100,0.995
run_8,100,-126.3956043111688,250,0.0005,256,0.99,200,100,0.995
run_8,105,-176.59712324392865,250,0.0005,256,0.99,200,100,0.995
run_8,110,-186.43115162926077,250,0.0005,256,0.99,200,100,0.995
run_8,115,-138.5361655140637,250,0.0005,256,0.99,200,100,0.995
run_8,120,-152.8405014853137,250,0.0005,256,0.99,200,100,0.995
run_8,125,-72.79740947608532,250,0.0005,256,0.99,200,100,0.995
run_8,130,-63.55825614386329,250,0.0005,256,0.99,200,100,0.995
run_8,135,-67.73942004434312,250,0.0005,256,0.99,200,100,0.995
run_8,140,-81.09001214889177,250,0.0005,256,0.99,200,100,0.995
run_8,145,-70.03892661828718,250,0.0005,256,0.99,200,100,0.995
run_8,150,-60.62364010416278,250,0.0005,256,0.99,200,100,0.995
run_8,155,-46.75692520951721,250,0.0005,256,0.99,200,100,0.995
run_8,160,-38.35126373237248,250,0.0005,256,0.99,200,100,0.995
run_8,165,-25.29080469243207,250,0.0005,256,0.99,200,100,0.995
run_8,170,-41.26203659341974,250,0.0005,256,0.99,200,100,0.995
run_8,175,-17.61354359495222,250,0.0005,256,0.99,200,100,0.995
run_8,180,-25.050094580146684,250,0.0005,256,0.99,200,100,0.995
run_8,185,19.337958897922,250,0.0005,256,0.99,200,100,0.995
run_8,190,-54.74405364758307,250,0.0005,256,0.99,200,100,0.995
run_8,195,-40.58933943550471,250,0.0005,256,0.99,200,100,0.995
run_8,200,-29.605920660982072,250,0.0005,256,0.99,200,100,0.995
run_8,205,-13.297008958087826,250,0.0005,256,0.99,200,100,0.995
run_8,210,-48.90833373725206,250,0.0005,256,0.99,200,100,0.995
run_8,215,-5.294613372746602,250,0.0005,256,0.99,200,100,0.995
run_8,220,84.32535278847476,250,0.0005,256,0.99,200,100,0.995
run_8,225,91.81798406645284,250,0.0005,256,0.99,200,100,0.995
run_8,230,135.23171201253248,250,0.0005,256,0.99,200,100,0.995
run_8,235,-96.4881611610259,250,0.0005,256,0.99,200,100,0.995
run_8,240,-94.56310197833484,250,0.0005,256,0.99,200,100,0.995
run_8,245,133.5967276597391,250,0.0005,256,0.99,200,100,0.995
run_8,250,-34.21915620807523,250,0.0005,256,0.99,200,100,0.995
run_8,255,147.14133555116643,250,0.0005,256,0.99,200,100,0.995
run_8,260,143.87460841205197,250,0.0005,256,0.99,200,100,0.995
run_8,265,153.3530413920946,250,0.0005,256,0.99,200,100,0.995
run_8,270,129.33600031978054,250,0.0005,256,0.99,200,100,0.995
run_8,275,201.53259225167793,250,0.0005,256,0.99,200,100,0.995
run_8,280,-393.03049957255394,250,0.0005,256,0.99,200,100,0.995
run_8,285,69.05324510419739,250,0.0005,256,0.99,200,100,0.995
run_8,290,-144.08723407908616,250,0.0005,256,0.99,200,100,0.995
run_8,295,140.84055496961278,250,0.0005,256,0.99,200,100,0.995
run_8,300,258.50754473581276,250,0.0005,256,0.99,200,100,0.995
run_9,5,-165.43809026032585,250,0.0005,256,0.99,200,100,0.995
run_9,10,-133.44734502096784,250,0.0005,256,0.99,200,100,0.995
run_9,15,-339.7781885993221,250,0.0005,256,0.99,200,100,0.995
run_9,20,-462.2281638738617,250,0.0005,256,0.99,200,100,0.995
run_9,25,-537.274652291205,250,0.0005,256,0.99,200,100,0.995
run_9,30,-298.43359071901085,250,0.0005,256,0.99,200,100,0.995
run_9,35,-138.05393898247527,250,0.0005,256,0.99,200,100,0.995
run_9,40,-188.8793198724954,250,0.0005,256,0.99,200,100,0.995
run_9,45,-170.10731336887608,250,0.0005,256,0.99,200,100,0.995
run_9,50,-249.61728673225716,250,0.0005,256,0.99,200,100,0.995
run_9,55,-244.09005412424108,250,0.0005,256,0.99,200,100,0.995
run_9,60,-211.28682257342115,250,0.0005,256,0.99,200,100,0.995
run_9,65,-118.10629205339781,250,0.0005,256,0.99,200,100,0.995
run_9,70,-252.9355118020598,250,0.0005,256,0.99,200,100,0.995
run_9,75,-210.77672138003555,250,0.0005,256,0.99,200,100,0.995
run_9,80,-262.6661936052981,250,0.0005,256,0.99,200,100,0.995
run_9,85,-215.23289321198655,250,0.0005,256,0.99,200,100,0.995
run_9,90,-173.38885350047843,250,0.0005,256,0.99,200,100,0.995
run_9,95,-281.01496722707833,250,0.0005,256,0.99,200,100,0.995
run_9,100,-100.75630539501367,250,0.0005,256,0.99,200,100,0.995
run_9,105,-110.70066806828103,250,0.0005,256,0.99,200,100,0.995
run_9,110,-105.70941461704929,250,0.0005,256,0.99,200,100,0.995
run_9,115,-127.77517704306315,250,0.0005,256,0.99,200,100,0.995
run_9,120,-122.39289384768074,250,0.0005,256,0.99,200,100,0.995
run_9,125,-128.63265795584934,250,0.0005,256,0.99,200,100,0.995
run_9,130,-130.31445914160378,250,0.0005,256,0.99,200,100,0.995
run_9,135,-111.07321557881127,250,0.0005,256,0.99,200,100,0.995
run_9,140,-125.40829814973779,250,0.0005,256,0.99,200,100,0.995
run_9,145,-127.68736529702971,250,0.0005,256,0.99,200,100,0.995
run_9,150,-125.83425407844825,250,0.0005,256,0.99,200,100,0.995
run_9,155,-163.8906536520185,250,0.0005,256,0.99,200,100,0.995
run_9,160,-75.83353715161472,250,0.0005,256,0.99,200,100,0.995
run_9,165,-73.71663528689928,250,0.0005,256,0.99,200,100,0.995
run_9,170,-60.794280216873254,250,0.0005,256,0.99,200,100,0.995
run_9,175,-81.75900795973222,250,0.0005,256,0.99,200,100,0.995
run_9,180,-58.77797618252278,250,0.0005,256,0.99,200,100,0.995
run_9,185,-59.12767652290613,250,0.0005,256,0.99,200,100,0.995
run_9,190,-49.732426740567426,250,0.0005,256,0.99,200,100,0.995
run_9,195,-46.15778506712597,250,0.0005,256,0.99,200,100,0.995
run_9,200,-53.867637780893006,250,0.0005,256,0.99,200,100,0.995
run_9,205,-59.827579606936105,250,0.0005,256,0.99,200,100,0.995
run_9,210,-48.32295423451744,250,0.0005,256,0.99,200,100,0.995
run_9,215,-26.53287360152754,250,0.0005,256,0.99,200,100,0.995
run_9,220,-26.645661806923737,250,0.0005,256,0.99,200,100,0.995
run_9,225,78.71691422665938,250,0.0005,256,0.99,200,100,0.995
run_9,230,62.01061192335955,250,0.0005,256,0.99,200,100,0.995
run_9,235,83.75914248115987,250,0.0005,256,0.99,200,100,0.995
run_9,240,140.37401497201955,250,0.0005,256,0.99,200,100,0.995
run_9,245,139.02515569631953,250,0.0005,256,0.99,200,100,0.995
run_9,250,177.13086019243755,250,0.0005,256,0.99,200,100,0.995
run_9,255,-42.347077579195386,250,0.0005,256,0.99,200,100,0.995
run_9,260,-29.658798472857438,250,0.0005,256,0.99,200,100,0.995
run_9,265,98.56416723785921,250,0.0005,256,0.99,200,100,0.995
run_9,270,49.765840184490244,250,0.0005,256,0.99,200,100,0.995
run_9,275,179.2659240414273,250,0.0005,256,0.99,200,100,0.995
run_9,280,-132.417787345843,250,0.0005,256,0.99,200,100,0.995
run_9,285,-94.56745606861395,250,0.0005,256,0.99,200,100,0.995
run_9,290,211.24584880089296,250,0.0005,256,0.99,200,100,0.995
run_9,295,161.55575778640784,250,0.0005,256,0.99,200,100,0.995
run_9,300,217.68860263696092,250,0.0005,256,0.99,200,100,0.995
run_9,305,-10.41592814042471,250,0.0005,256,0.99,200,100,0.995
run_9,310,127.03640916096776,250,0.0005,256,0.99,200,100,0.995
run_9,315,217.14981339705588,250,0.0005,256,0.99,200,100,0.995
run_9,320,225.49294151955343,250,0.0005,256,0.99,200,100,0.995
run_9,325,130.6159868324947,250,0.0005,256,0.99,200,100,0.995
run_9,330,232.70435553308488,250,0.0005,256,0.99,200,100,0.995
run_9,335,256.807645760072,250,0.0005,256,0.99,200,100,0.995
